,epoch,loss,loss_dpo,loss_llh
0,1.0,0.4834784,0.4799061,0.0035722845
1,2.0,0.41137844,0.40766,0.003718451
2,3.0,0.38823873,0.38433176,0.0039069657
3,4.0,0.37986025,0.3765671,0.0032931743
4,5.0,0.36872306,0.36568066,0.0030423908
5,6.0,0.3595761,0.35566732,0.003908775
6,7.0,0.34339437,0.33981335,0.0035809942
7,8.0,0.33469668,0.3322155,0.0024812045
8,9.0,0.320078,0.31699726,0.0030807285
9,10.0,0.31272674,0.30951613,0.0032106028
10,11.0,0.30530024,0.30264607,0.002654145
11,12.0,0.28866324,0.2852721,0.0033911394
12,13.0,0.2809139,0.2780134,0.00290048
13,14.0,0.257322,0.2543008,0.0030212107
14,15.0,0.27407092,0.27119625,0.0028746806
15,16.0,0.24652188,0.24376783,0.0027540468
16,17.0,0.22391552,0.22138253,0.0025329906
17,18.0,0.22604555,0.22327484,0.0027707128
18,19.0,0.22066641,0.2178438,0.002822618
19,20.0,0.19794011,0.19512036,0.0028197418
20,21.0,0.18479308,0.18198168,0.002811404
21,22.0,0.17081207,0.16762845,0.0031836256
22,23.0,0.15628216,0.1537103,0.002571852
23,24.0,0.1530323,0.15045568,0.0025766187
24,25.0,0.15139589,0.14873931,0.0026565725
25,26.0,0.12849665,0.12632892,0.002167732
26,27.0,0.13226488,0.1299496,0.00231528
27,28.0,0.12223051,0.11994885,0.0022816588
28,29.0,0.12008297,0.11803938,0.002043588
29,30.0,0.12193884,0.11953254,0.0024062986
30,31.0,0.09951061,0.097635,0.001875605
31,32.0,0.082906365,0.081386775,0.001519589
32,33.0,0.07562728,0.07400056,0.0016267258
33,34.0,0.06943542,0.067713246,0.00172217
34,35.0,0.07018004,0.06941959,0.00076044543
35,36.0,0.055454522,0.0544993,0.0009552242
36,37.0,0.050087366,0.04973839,0.00034897868
37,38.0,0.04597979,0.045426235,0.00055355567
38,39.0,0.04925767,0.048785392,0.00047227673
39,40.0,0.075298436,0.07414943,0.0011490093
40,41.0,0.045208283,0.04441049,0.0007977895
41,42.0,0.12273507,0.122181386,0.000553679
42,43.0,0.097590365,0.09599713,0.001593238
43,44.0,0.19423738,0.19377637,0.00046101215
44,45.0,0.10354669,0.10315469,0.00039199635
45,46.0,0.08914154,0.08683316,0.0023083838
46,47.0,0.03467521,0.034268793,0.00040642102
47,48.0,0.02537435,0.025067953,0.00030639645
48,49.0,0.019802837,0.01959583,0.00020700833
49,50.0,0.017179038,0.017002558,0.0001764803
50,51.0,0.01420366,0.01407841,0.00012525004
51,52.0,0.013140015,0.012970806,0.00016920894
52,53.0,0.011086528,0.010974653,0.00011187514
53,54.0,0.01052136,0.010390258,0.00013110059
54,55.0,0.009570079,0.009485951,8.412746e-05
55,56.0,0.008816889,0.008713866,0.000103022896
56,57.0,0.008246064,0.008134759,0.00011130453
57,58.0,0.007554961,0.0074662464,8.871477e-05
58,59.0,0.0071534095,0.007074864,7.8545454e-05
59,60.0,0.006369859,0.006279079,9.0780144e-05
60,61.0,0.0062044626,0.0061298846,7.45782e-05
61,62.0,0.005761405,0.0056922967,6.9108304e-05
62,63.0,0.0052266615,0.005170702,5.5959088e-05
63,64.0,0.0050621387,0.005008311,5.38276e-05
64,65.0,0.004990211,0.0049362862,5.3924956e-05
65,66.0,0.004445378,0.0043844758,6.0902486e-05
66,67.0,0.004214599,0.0041667037,4.789532e-05
67,68.0,0.0038757108,0.0038292478,4.646279e-05
68,69.0,0.00363836,0.0035826194,5.5740515e-05
69,70.0,0.0033483615,0.0032976435,5.0717965e-05
70,71.0,0.003430087,0.0033813645,4.8722424e-05
71,72.0,0.0031460568,0.003093038,5.301884e-05
72,73.0,0.0028574285,0.0028059054,5.1523068e-05
73,74.0,0.0027599281,0.0027164903,4.3437827e-05
74,75.0,0.0025489402,0.0025055904,4.3349813e-05
75,76.0,0.002295753,0.0022640298,3.1723164e-05
76,77.0,0.0021369518,0.0020990153,3.793654e-05
77,78.0,0.0020563202,0.002019683,3.6637382e-05
78,79.0,0.0020305961,0.0020004797,3.0116424e-05
79,80.0,0.0019110835,0.0018785873,3.2496166e-05
80,81.0,0.0017063541,0.0016742335,3.2120646e-05
81,82.0,0.0016397833,0.0016057829,3.4000346e-05
82,83.0,0.0014973045,0.0014731304,2.4174093e-05
83,84.0,0.0014839917,0.0014596573,2.4334367e-05
84,85.0,0.0014164947,0.0013900028,2.649191e-05
85,86.0,0.0013265813,0.0012946802,3.1901152e-05
86,87.0,0.0012193924,0.0011974577,2.1934751e-05
87,88.0,0.001192518,0.0011756842,1.6833896e-05
88,89.0,0.0012719905,0.001252615,1.9375546e-05
89,90.0,0.0010857774,0.0010653593,2.0418132e-05
90,91.0,0.0010548703,0.0010402738,1.4596507e-05
91,92.0,0.0009766945,0.0009582266,1.8467917e-05
92,93.0,0.0009296384,0.00091120595,1.8432453e-05
93,94.0,0.00090050104,0.00088489515,1.5605896e-05
94,95.0,0.0009021986,0.0008841416,1.8057015e-05
95,96.0,0.000833704,0.00081813,1.5574053e-05
96,97.0,0.00077875284,0.0007654452,1.3307715e-05
97,98.0,0.0007474502,0.00073512,1.2330219e-05
98,99.0,0.00074189476,0.0007291219,1.2772835e-05
99,100.0,0.00069009844,0.0006752748,1.4823635e-05
100,101.0,0.0006589519,0.00064581964,1.3132263e-05
101,102.0,0.00065207615,0.00064185524,1.0220906e-05
102,103.0,0.0006247548,0.0006158267,8.928146e-06
103,104.0,0.00059124554,0.0005800607,1.1184816e-05
104,105.0,0.0005648532,0.00055334484,1.1508338e-05
105,106.0,0.00054262846,0.0005333291,9.299392e-06
106,107.0,0.00052737613,0.000517259,1.0117086e-05
107,108.0,0.0004910284,0.00048099746,1.0030972e-05
108,109.0,0.00047753294,0.0004684149,9.118048e-06
109,110.0,0.0004688505,0.00046045159,8.398934e-06
110,111.0,0.00045428344,0.00044735643,6.926988e-06
111,112.0,0.00043289567,0.00042537332,7.522358e-06
112,113.0,0.00041050283,0.00040317042,7.3324345e-06
113,114.0,0.0003923386,0.00038376456,8.574038e-06
114,115.0,0.00039792445,0.00039038487,7.539576e-06
115,116.0,0.00037906197,0.00037016344,8.898527e-06
116,117.0,0.0003599552,0.00035280068,7.1545046e-06
117,118.0,0.00034555586,0.0003392795,6.2763415e-06
118,119.0,0.0003437582,0.00033664057,7.117629e-06
119,120.0,0.00031798132,0.00031194728,6.034051e-06
120,121.0,0.00030989913,0.00030345866,6.4404967e-06
121,122.0,0.00030038922,0.00029450993,5.8793116e-06
122,123.0,0.00029140452,0.0002859954,5.409129e-06
123,124.0,0.00029006577,0.0002846937,5.372083e-06
124,125.0,0.00027140492,0.00026562053,5.784406e-06
125,126.0,0.0002620213,0.00025613778,5.8835235e-06
126,127.0,0.0002575281,0.00025284465,4.6834293e-06
127,128.0,0.00024255547,0.00023647159,6.0838843e-06
128,129.0,0.00023948972,0.00023470387,4.7858566e-06
129,130.0,0.00022528978,0.00022068335,4.6064347e-06
130,131.0,0.00021419617,0.00021010813,4.0880436e-06
131,132.0,0.00021651419,0.00021192817,4.5860265e-06
132,133.0,0.00020591058,0.00020172185,4.1887224e-06
133,134.0,0.00020230857,0.00019878511,3.5234518e-06
134,135.0,0.00019490397,0.00019104494,3.859024e-06
135,136.0,0.00018532135,0.0001815501,3.7712496e-06
136,137.0,0.00017657662,0.00017218917,4.387439e-06
137,138.0,0.00017349125,0.00017003882,3.4524246e-06
138,139.0,0.00017522437,0.00017131971,3.904654e-06
139,140.0,0.00016067663,0.00015702403,3.6526058e-06
140,141.0,0.00015557355,0.00015176572,3.80783e-06
141,142.0,0.00015239276,0.00014916295,3.2298058e-06
142,143.0,0.00014925611,0.00014587188,3.384243e-06
143,144.0,0.00014345374,0.00014028647,3.1672705e-06
144,145.0,0.00014317333,0.00013983327,3.3400524e-06
145,146.0,0.00013284602,0.00013006464,2.7813924e-06
146,147.0,0.00013196308,0.00012849178,3.4713096e-06
147,148.0,0.00012797504,0.0001253467,2.6283321e-06
148,149.0,0.00012357534,0.00012085563,2.71972e-06
149,150.0,0.00011853897,0.00011621552,2.3234563e-06
150,151.0,0.0001130488,0.000110197834,2.850969e-06
151,152.0,0.00011180376,0.0001092587,2.5450709e-06
152,153.0,0.00010624868,0.000104000996,2.2476806e-06
153,154.0,0.00010173461,9.985574e-05,1.8788742e-06
154,155.0,0.00010150221,9.889029e-05,2.6119264e-06
155,156.0,9.750837e-05,9.5196796e-05,2.3115751e-06
156,157.0,9.369981e-05,9.159074e-05,2.1090761e-06
157,158.0,9.1730726e-05,8.9757545e-05,1.9731813e-06
158,159.0,9.078558e-05,8.901825e-05,1.7673246e-06
159,160.0,8.5206906e-05,8.3184525e-05,2.0223836e-06
160,161.0,8.361083e-05,8.175761e-05,1.853219e-06
161,162.0,8.061156e-05,7.878631e-05,1.8252482e-06
162,163.0,7.816817e-05,7.651489e-05,1.6532856e-06
163,164.0,7.503714e-05,7.326711e-05,1.7700247e-06
164,165.0,7.2946685e-05,7.124477e-05,1.7019146e-06
165,166.0,7.2071096e-05,7.051124e-05,1.5598565e-06
166,167.0,6.964088e-05,6.7849156e-05,1.79173e-06
167,168.0,6.660663e-05,6.506938e-05,1.537251e-06
168,169.0,6.485283e-05,6.335349e-05,1.4993418e-06
169,170.0,6.3985215e-05,6.2545354e-05,1.439861e-06
170,171.0,6.152411e-05,6.029813e-05,1.2259807e-06
171,172.0,5.80125e-05,5.6528093e-05,1.4844084e-06
172,173.0,5.7136465e-05,5.5876815e-05,1.259649e-06
173,174.0,5.5900702e-05,5.457968e-05,1.3210225e-06
174,175.0,5.3835985e-05,5.2721396e-05,1.1145895e-06
175,176.0,5.3224016e-05,5.2051964e-05,1.1720532e-06
176,177.0,5.098214e-05,4.9881914e-05,1.1002277e-06
177,178.0,4.9439197e-05,4.818947e-05,1.2497254e-06
178,179.0,4.769687e-05,4.6505804e-05,1.1910663e-06
179,180.0,4.772481e-05,4.6848632e-05,8.7617576e-07
180,181.0,4.4765187e-05,4.372787e-05,1.0373186e-06
181,182.0,4.360547e-05,4.236229e-05,1.243177e-06
182,183.0,4.2003492e-05,4.1052943e-05,9.5055066e-07
183,184.0,4.166217e-05,4.0796956e-05,8.652134e-07
184,185.0,3.916616e-05,3.8187805e-05,9.783553e-07
185,186.0,3.8608167e-05,3.7770813e-05,8.3735307e-07
186,187.0,3.7226968e-05,3.6276404e-05,9.505665e-07
187,188.0,3.71434e-05,3.633474e-05,8.086584e-07
188,189.0,3.4831097e-05,3.405783e-05,7.7327024e-07
189,190.0,3.415772e-05,3.328607e-05,8.716519e-07
190,191.0,3.260366e-05,3.1810414e-05,7.9324826e-07
191,192.0,3.2525433e-05,3.1747237e-05,7.7819846e-07
192,193.0,3.1261596e-05,3.0602812e-05,6.587864e-07
193,194.0,2.9942335e-05,2.9233977e-05,7.083583e-07
194,195.0,2.9489494e-05,2.8764358e-05,7.2513535e-07
195,196.0,2.8640221e-05,2.8030036e-05,6.101862e-07
196,197.0,2.7832095e-05,2.7220849e-05,6.1124564e-07
197,198.0,2.7062191e-05,2.641597e-05,6.4622134e-07
198,199.0,2.6018792e-05,2.5356856e-05,6.6193684e-07
199,200.0,2.5522459e-05,2.4990588e-05,5.318711e-07
200,201.0,2.438266e-05,2.3782548e-05,6.0011257e-07
201,202.0,2.4269233e-05,2.3683651e-05,5.855812e-07
202,203.0,2.3677718e-05,2.3185607e-05,4.921111e-07
203,204.0,2.3159128e-05,2.2609856e-05,5.4927204e-07
204,205.0,2.1691172e-05,2.1156195e-05,5.3497735e-07
205,206.0,2.1213016e-05,2.072079e-05,4.9222695e-07
206,207.0,2.0375934e-05,1.9863302e-05,5.1263e-07
207,208.0,2.0378953e-05,1.99041e-05,4.7485264e-07
208,209.0,1.9143627e-05,1.8690025e-05,4.536007e-07
209,210.0,1.865679e-05,1.8247123e-05,4.09667e-07
210,211.0,1.8088336e-05,1.7577122e-05,5.1121447e-07
211,212.0,1.7850394e-05,1.7482362e-05,3.680311e-07
212,213.0,1.7133558e-05,1.6725664e-05,4.078943e-07
213,214.0,1.6558966e-05,1.6172651e-05,3.8631492e-07
214,215.0,1.622294e-05,1.5798183e-05,4.2475654e-07
215,216.0,1.599324e-05,1.5601849e-05,3.9139348e-07
216,217.0,1.5230557e-05,1.4835461e-05,3.950959e-07
217,218.0,1.48527615e-05,1.4523878e-05,3.2888298e-07
218,219.0,1.425718e-05,1.39215945e-05,3.355851e-07
219,220.0,1.3906938e-05,1.3556886e-05,3.500511e-07
220,221.0,1.38111145e-05,1.34899765e-05,3.211374e-07
221,222.0,1.3287075e-05,1.2990209e-05,2.9686544e-07
222,223.0,1.2902225e-05,1.2514701e-05,3.8752404e-07
223,224.0,1.25593e-05,1.2269133e-05,2.901673e-07
224,225.0,1.1935165e-05,1.1644393e-05,2.9077222e-07
225,226.0,1.15453495e-05,1.1282948e-05,2.6240068e-07
226,227.0,1.1298314e-05,1.10006795e-05,2.9763473e-07
227,228.0,1.0879242e-05,1.0614081e-05,2.6516125e-07
228,229.0,1.0730939e-05,1.0467799e-05,2.6313927e-07
229,230.0,1.0414895e-05,1.0142786e-05,2.7210868e-07
230,231.0,1.0409338e-05,1.0172011e-05,2.3732797e-07
231,232.0,9.848251e-06,9.5925525e-06,2.5569759e-07
232,233.0,9.457353e-06,9.21919e-06,2.3816331e-07
233,234.0,9.202202e-06,8.974576e-06,2.2762593e-07
234,235.0,9.050007e-06,8.827653e-06,2.2235376e-07
235,236.0,8.935782e-06,8.7581475e-06,1.776352e-07
236,237.0,8.481084e-06,8.287821e-06,1.9326147e-07
237,238.0,8.164996e-06,7.952785e-06,2.1221081e-07
238,239.0,8.392919e-06,8.203801e-06,1.8911732e-07
239,240.0,7.759409e-06,7.5653816e-06,1.940274e-07
240,241.0,7.52595e-06,7.3326587e-06,1.9329107e-07
241,242.0,7.368426e-06,7.1941595e-06,1.7426605e-07
242,243.0,7.1423356e-06,6.9495463e-06,1.9278916e-07
243,244.0,6.830872e-06,6.6626103e-06,1.6826142e-07
244,245.0,6.6381267e-06,6.478487e-06,1.5963946e-07
245,246.0,6.5098775e-06,6.3435677e-06,1.6630977e-07
246,247.0,6.400703e-06,6.243376e-06,1.5732743e-07
247,248.0,6.2052823e-06,6.019805e-06,1.8547713e-07
248,249.0,5.920268e-06,5.7747625e-06,1.4550538e-07
249,250.0,5.8605406e-06,5.7086913e-06,1.5184895e-07
250,251.0,5.6732324e-06,5.5291744e-06,1.4405778e-07
251,252.0,5.5568357e-06,5.4339453e-06,1.2289073e-07
252,253.0,5.4148536e-06,5.270405e-06,1.4444856e-07
253,254.0,5.197498e-06,5.0564167e-06,1.4108141e-07
254,255.0,5.0622275e-06,4.9365017e-06,1.2572583e-07
255,256.0,5.0165954e-06,4.8926145e-06,1.2398108e-07
256,257.0,4.752727e-06,4.648267e-06,1.0445966e-07
257,258.0,4.607458e-06,4.4905664e-06,1.1689147e-07
258,259.0,4.4721965e-06,4.3501086e-06,1.2208797e-07
259,260.0,4.3461855e-06,4.2318834e-06,1.1430213e-07
260,261.0,4.169043e-06,4.066706e-06,1.0233714e-07
261,262.0,4.113899e-06,4.0115665e-06,1.0233252e-07
262,263.0,3.949522e-06,3.8409676e-06,1.0855418e-07
263,264.0,3.9120096e-06,3.8176486e-06,9.43609e-08
264,265.0,3.7818324e-06,3.692927e-06,8.89055e-08
265,266.0,3.6224012e-06,3.524114e-06,9.828738e-08
266,267.0,3.5996015e-06,3.506241e-06,9.3360555e-08
267,268.0,3.48756e-06,3.4050488e-06,8.2511e-08
268,269.0,3.3206984e-06,3.2459986e-06,7.469975e-08
269,270.0,3.2805322e-06,3.1904653e-06,9.006676e-08
270,271.0,3.1076445e-06,3.0241433e-06,8.3501234e-08
271,272.0,3.0590477e-06,2.9743842e-06,8.466342e-08
272,273.0,2.9635114e-06,2.8889874e-06,7.452402e-08
273,274.0,2.9045411e-06,2.8329132e-06,7.1627944e-08
274,275.0,2.8242496e-06,2.7575843e-06,6.666509e-08
275,276.0,2.785577e-06,2.7253864e-06,6.0190445e-08
276,277.0,2.6338819e-06,2.570113e-06,6.3768645e-08
277,278.0,2.5738375e-06,2.5072186e-06,6.6618924e-08
278,279.0,2.535619e-06,2.4739468e-06,6.1672e-08
279,280.0,2.4465664e-06,2.3865673e-06,5.9999145e-08
280,281.0,2.3981e-06,2.3375956e-06,6.050434e-08
281,282.0,2.3236305e-06,2.2655984e-06,5.8032057e-08
282,283.0,2.2191168e-06,2.1614937e-06,5.7623062e-08
283,284.0,2.1442163e-06,2.088988e-06,5.5228504e-08
284,285.0,2.0967034e-06,2.0450632e-06,5.1640097e-08
285,286.0,2.0708399e-06,2.0184737e-06,5.2366207e-08
286,287.0,1.960635e-06,1.9074264e-06,5.3208602e-08
287,288.0,1.9728247e-06,1.918923e-06,5.390171e-08
288,289.0,1.8643691e-06,1.8158432e-06,4.8525834e-08
289,290.0,1.7916052e-06,1.7495084e-06,4.209681e-08
290,291.0,1.822265e-06,1.7765026e-06,4.576238e-08
291,292.0,1.7118233e-06,1.6686724e-06,4.315092e-08
292,293.0,1.6721334e-06,1.6303508e-06,4.1782585e-08
293,294.0,1.6087879e-06,1.5647998e-06,4.398811e-08
294,295.0,1.5912153e-06,1.554388e-06,3.68273e-08
295,296.0,1.5537332e-06,1.5123829e-06,4.135026e-08
296,297.0,1.5243423e-06,1.484741e-06,3.960129e-08
297,298.0,1.4784371e-06,1.4430366e-06,3.5400472e-08
298,299.0,1.4017852e-06,1.3634725e-06,3.8312706e-08
299,300.0,1.4139468e-06,1.3797318e-06,3.4215148e-08
300,301.0,1.3218296e-06,1.2842725e-06,3.755719e-08
301,302.0,1.2881679e-06,1.2540803e-06,3.4087567e-08
302,303.0,1.2710517e-06,1.2406791e-06,3.0372604e-08
303,304.0,1.209953e-06,1.1807942e-06,2.9158759e-08
304,305.0,1.2122e-06,1.1822555e-06,2.9944612e-08
305,306.0,1.1587933e-06,1.1269742e-06,3.1819063e-08
306,307.0,1.1524772e-06,1.1265113e-06,2.5965921e-08
307,308.0,1.1011851e-06,1.0731125e-06,2.8072773e-08
308,309.0,1.0749526e-06,1.0444363e-06,3.051628e-08
309,310.0,1.0577892e-06,1.0288669e-06,2.892229e-08
310,311.0,1.0025575e-06,9.768693e-07,2.5688209e-08
311,312.0,9.761528e-07,9.5267575e-07,2.3477108e-08
312,313.0,9.669433e-07,9.4264584e-07,2.429743e-08
313,314.0,9.127734e-07,8.912149e-07,2.1558455e-08
314,315.0,8.971259e-07,8.73594e-07,2.353195e-08
315,316.0,8.605187e-07,8.381912e-07,2.2327518e-08
316,317.0,8.704808e-07,8.512753e-07,1.9205478e-08
317,318.0,8.376246e-07,8.172311e-07,2.0393466e-08
318,319.0,8.086528e-07,7.8693625e-07,2.1716595e-08
319,320.0,7.781349e-07,7.585749e-07,1.9560018e-08
320,321.0,7.4894473e-07,7.304139e-07,1.8530836e-08
321,322.0,7.3539917e-07,7.1666665e-07,1.8732523e-08
322,323.0,7.0849484e-07,6.9035565e-07,1.8139216e-08
323,324.0,6.89756e-07,6.7279814e-07,1.6957854e-08
324,325.0,6.638782e-07,6.479922e-07,1.588601e-08
325,326.0,6.474445e-07,6.3185814e-07,1.5586364e-08
326,327.0,6.4402735e-07,6.2753475e-07,1.6492564e-08
327,328.0,6.1870577e-07,6.021091e-07,1.6596674e-08
328,329.0,5.999258e-07,5.8435336e-07,1.5572452e-08
329,330.0,6.027484e-07,5.877912e-07,1.4957177e-08
330,331.0,5.6364433e-07,5.48801e-07,1.4843368e-08
331,332.0,5.4019245e-07,5.261276e-07,1.4064823e-08
332,333.0,5.5982514e-07,5.4646426e-07,1.3360909e-08
333,334.0,5.1821144e-07,5.0465553e-07,1.3555874e-08
334,335.0,5.131448e-07,4.998776e-07,1.3267176e-08
335,336.0,4.9197337e-07,4.79762e-07,1.2211368e-08
336,337.0,4.7886965e-07,4.6666625e-07,1.22034045e-08
337,338.0,4.6784288e-07,4.5561893e-07,1.22239605e-08
338,339.0,4.4700434e-07,4.3508317e-07,1.1921183e-08
339,340.0,4.4260818e-07,4.3128267e-07,1.132552e-08
340,341.0,4.4348147e-07,4.321992e-07,1.1282304e-08
341,342.0,4.2176774e-07,4.1156284e-07,1.0204896e-08
342,343.0,4.093833e-07,3.984999e-07,1.0883371e-08
343,344.0,3.9439615e-07,3.8498345e-07,9.412703e-09
344,345.0,3.8971038e-07,3.803576e-07,9.352804e-09
345,346.0,3.6972622e-07,3.602302e-07,9.496025e-09
346,347.0,3.6342226e-07,3.545082e-07,8.914056e-09
347,348.0,3.4738264e-07,3.380719e-07,9.310729e-09
348,349.0,3.3877825e-07,3.3067263e-07,8.105599e-09
349,350.0,3.30412e-07,3.2177235e-07,8.639649e-09
350,351.0,3.2192952e-07,3.1286962e-07,9.0598915e-09
351,352.0,3.141838e-07,3.0631665e-07,7.867131e-09
352,353.0,3.107866e-07,3.037682e-07,7.0183885e-09
353,354.0,2.9989278e-07,2.920958e-07,7.7969835e-09
354,355.0,2.9066592e-07,2.8310524e-07,7.560689e-09
355,356.0,2.8324774e-07,2.7620297e-07,7.0447954e-09
356,357.0,2.7252725e-07,2.657448e-07,6.782434e-09
357,358.0,2.6783226e-07,2.6169053e-07,6.141735e-09
358,359.0,2.5416975e-07,2.4796873e-07,6.201012e-09
359,360.0,2.5656027e-07,2.5021453e-07,6.345734e-09
360,361.0,2.4468085e-07,2.381905e-07,6.4903456e-09
361,362.0,2.4332417e-07,2.3747288e-07,5.8512835e-09
362,363.0,2.2725213e-07,2.2143038e-07,5.8217426e-09
363,364.0,2.2644288e-07,2.2052039e-07,5.922493e-09
364,365.0,2.175691e-07,2.121989e-07,5.370198e-09
365,366.0,2.1084435e-07,2.0556267e-07,5.281677e-09
366,367.0,2.0651503e-07,2.0098898e-07,5.5260387e-09
367,368.0,2.0545738e-07,2.0062555e-07,4.831834e-09
368,369.0,1.968265e-07,1.9178555e-07,5.0409605e-09
369,370.0,1.8965359e-07,1.85066e-07,4.587594e-09
370,371.0,1.8506393e-07,1.8002201e-07,5.041914e-09
371,372.0,1.7870396e-07,1.7422303e-07,4.4809267e-09
372,373.0,1.7510081e-07,1.704479e-07,4.652905e-09
373,374.0,1.715981e-07,1.6756154e-07,4.036564e-09
374,375.0,1.6843802e-07,1.6424107e-07,4.196944e-09
375,376.0,1.6068874e-07,1.5663045e-07,4.058305e-09
376,377.0,1.553132e-07,1.51211e-07,4.1022097e-09
377,378.0,1.5293107e-07,1.4917542e-07,3.7556362e-09
378,379.0,1.4831615e-07,1.4462374e-07,3.6924055e-09
379,380.0,1.4261532e-07,1.3895082e-07,3.6644972e-09
380,381.0,1.4007404e-07,1.3651886e-07,3.5551682e-09
381,382.0,1.3884969e-07,1.3549699e-07,3.3527046e-09
382,383.0,1.358338e-07,1.3240202e-07,3.4317758e-09
383,384.0,1.2813031e-07,1.2486022e-07,3.2700989e-09
384,385.0,1.238402e-07,1.207647e-07,3.0754956e-09
385,386.0,1.2232238e-07,1.19152666e-07,3.1697123e-09
386,387.0,1.187013e-07,1.15842944e-07,2.858361e-09
387,388.0,1.14808664e-07,1.1176235e-07,3.046318e-09
388,389.0,1.1388205e-07,1.11283995e-07,2.5980575e-09
389,390.0,1.0999014e-07,1.0734266e-07,2.6474816e-09
390,391.0,1.0626988e-07,1.0350516e-07,2.7647258e-09
391,392.0,1.05119675e-07,1.02313926e-07,2.8057454e-09
392,393.0,1.0024241e-07,9.785341e-08,2.3889999e-09
393,394.0,9.789908e-08,9.568223e-08,2.2168551e-09
394,395.0,9.582316e-08,9.32361e-08,2.5870537e-09
395,396.0,9.335242e-08,9.09319e-08,2.4205171e-09
396,397.0,9.00556e-08,8.7621366e-08,2.4342304e-09
397,398.0,8.730911e-08,8.503678e-08,2.272331e-09
398,399.0,8.534814e-08,8.32284e-08,2.1197368e-09
399,400.0,8.18836e-08,7.987013e-08,2.013473e-09
400,401.0,8.004534e-08,7.785952e-08,2.185818e-09
401,402.0,7.855292e-08,7.6569e-08,1.983924e-09
402,403.0,7.567598e-08,7.376457e-08,1.9114132e-09
403,404.0,7.431151e-08,7.2368636e-08,1.9428705e-09
404,405.0,7.1254625e-08,6.9496195e-08,1.75843e-09
405,406.0,7.0913735e-08,6.9126834e-08,1.7869032e-09
406,407.0,6.693022e-08,6.520033e-08,1.7298871e-09
407,408.0,6.707854e-08,6.538716e-08,1.6913752e-09
408,409.0,6.594133e-08,6.42764e-08,1.6649274e-09
409,410.0,6.243181e-08,6.075702e-08,1.6747901e-09
410,411.0,6.225107e-08,6.075746e-08,1.493614e-09
411,412.0,5.8643575e-08,5.708735e-08,1.5562255e-09
412,413.0,5.7891413e-08,5.6316996e-08,1.5744145e-09
413,414.0,5.6624106e-08,5.5110732e-08,1.5133769e-09
414,415.0,5.4853867e-08,5.3548735e-08,1.3051303e-09
415,416.0,5.3859992e-08,5.249649e-08,1.3635063e-09
416,417.0,5.159026e-08,5.0380137e-08,1.2101198e-09
417,418.0,5.0015878e-08,4.8703857e-08,1.3120214e-09
418,419.0,4.931242e-08,4.807725e-08,1.2351677e-09
419,420.0,4.7263445e-08,4.6164498e-08,1.0989475e-09
420,421.0,4.6720412e-08,4.5492627e-08,1.2277854e-09
421,422.0,4.522037e-08,4.400456e-08,1.2158098e-09
422,423.0,4.361311e-08,4.251441e-08,1.0986964e-09
423,424.0,4.199627e-08,4.0896705e-08,1.0995674e-09
424,425.0,4.1995165e-08,4.101847e-08,9.766935e-10
425,426.0,4.030955e-08,3.9341778e-08,9.677703e-10
426,427.0,3.910075e-08,3.810333e-08,9.974204e-10
427,428.0,3.934106e-08,3.8315868e-08,1.0251913e-09
428,429.0,3.7325567e-08,3.6383835e-08,9.417321e-10
429,430.0,3.6440216e-08,3.5551345e-08,8.888728e-10
430,431.0,3.4912183e-08,3.4055436e-08,8.567473e-10
431,432.0,3.4313253e-08,3.3480738e-08,8.325163e-10
432,433.0,3.2857812e-08,3.2079924e-08,7.778872e-10
433,434.0,3.2360482e-08,3.1587533e-08,7.729529e-10
434,435.0,3.1809158e-08,3.0927406e-08,8.8174995e-10
435,436.0,3.0533577e-08,2.970069e-08,8.3288815e-10
436,437.0,2.9731485e-08,2.8965593e-08,7.658921e-10
437,438.0,2.926321e-08,2.8475611e-08,7.8759965e-10
438,439.0,2.8287896e-08,2.763676e-08,6.511354e-10
439,440.0,2.7625596e-08,2.6921818e-08,7.0377826e-10
440,441.0,2.696086e-08,2.6283603e-08,6.772583e-10
441,442.0,2.5671259e-08,2.498027e-08,6.909878e-10
442,443.0,2.5509332e-08,2.4904837e-08,6.044942e-10
443,444.0,2.4205939e-08,2.3596415e-08,6.095221e-10
444,445.0,2.3842732e-08,2.3185777e-08,6.569545e-10
445,446.0,2.3590013e-08,2.3053952e-08,5.3606214e-10
446,447.0,2.2719147e-08,2.2153166e-08,5.659823e-10
447,448.0,2.2212802e-08,2.16226e-08,5.902018e-10
448,449.0,2.1330552e-08,2.0779055e-08,5.514958e-10
449,450.0,2.0985864e-08,2.0442846e-08,5.4301696e-10
450,451.0,2.0242734e-08,1.97388e-08,5.039316e-10
451,452.0,2.0056955e-08,1.9586752e-08,4.7020404e-10
452,453.0,1.9225503e-08,1.8742892e-08,4.8261206e-10
453,454.0,1.9550122e-08,1.9135207e-08,4.1491496e-10
454,455.0,1.8445041e-08,1.796559e-08,4.7945176e-10
455,456.0,1.7911967e-08,1.749294e-08,4.1902573e-10
456,457.0,1.6956736e-08,1.6498928e-08,4.5780713e-10
457,458.0,1.6873756e-08,1.6432177e-08,4.4157825e-10
458,459.0,1.6433123e-08,1.602961e-08,4.035129e-10
459,460.0,1.6345215e-08,1.5946302e-08,3.9891285e-10
460,461.0,1.5855129e-08,1.5456322e-08,3.988061e-10
461,462.0,1.5532997e-08,1.5148197e-08,3.8479894e-10
462,463.0,1.4582228e-08,1.4202898e-08,3.793297e-10
463,464.0,1.43382115e-08,1.3987187e-08,3.5102413e-10
464,465.0,1.3817556e-08,1.3477065e-08,3.4049163e-10
465,466.0,1.3577996e-08,1.3249012e-08,3.2898453e-10
466,467.0,1.3155506e-08,1.2826126e-08,3.2937938e-10
467,468.0,1.2834911e-08,1.24980195e-08,3.3689207e-10
468,469.0,1.2394372e-08,1.2088799e-08,3.0557248e-10
469,470.0,1.2160168e-08,1.1856762e-08,3.0340622e-10
470,471.0,1.1950082e-08,1.1638162e-08,3.1191902e-10
471,472.0,1.1563477e-08,1.1290578e-08,2.72899e-10
472,473.0,1.1186216e-08,1.0904296e-08,2.8192043e-10
473,474.0,1.099748e-08,1.073846e-08,2.5902022e-10
474,475.0,1.06489635e-08,1.0380007e-08,2.6895572e-10
475,476.0,1.0230352e-08,9.961158e-09,2.6919444e-10
476,477.0,1.0309217e-08,1.0049054e-08,2.601625e-10
477,478.0,1.01200435e-08,9.868888e-09,2.511553e-10
478,479.0,9.599529e-09,9.359266e-09,2.4026253e-10
479,480.0,9.32271e-09,9.100004e-09,2.2270563e-10
480,481.0,9.073015e-09,8.828738e-09,2.4427801e-10
481,482.0,8.912298e-09,8.694067e-09,2.1823031e-10
482,483.0,8.501217e-09,8.270677e-09,2.3053999e-10
483,484.0,8.304336e-09,8.094208e-09,2.1012739e-10
484,485.0,8.15239e-09,7.959022e-09,1.933682e-10
485,486.0,7.991111e-09,7.783613e-09,2.0749777e-10
486,487.0,7.72373e-09,7.536042e-09,1.8768793e-10
487,488.0,7.487438e-09,7.2848763e-09,2.0256224e-10
488,489.0,7.2613684e-09,7.0680817e-09,1.93287e-10
489,490.0,7.087703e-09,6.893224e-09,1.9447871e-10
490,491.0,6.90375e-09,6.7290693e-09,1.7468069e-10
491,492.0,6.8886132e-09,6.7327552e-09,1.5585816e-10
492,493.0,6.643421e-09,6.477584e-09,1.6583734e-10
493,494.0,6.411423e-09,6.2528156e-09,1.5860743e-10
494,495.0,6.2022747e-09,6.0437757e-09,1.5849899e-10
495,496.0,6.1078755e-09,5.962206e-09,1.4566998e-10
496,497.0,5.933901e-09,5.789798e-09,1.4410265e-10
497,498.0,6.011387e-09,5.8543823e-09,1.570046e-10
498,499.0,5.647308e-09,5.5030527e-09,1.4425539e-10
499,500.0,5.529616e-09,5.396352e-09,1.332641e-10
500,501.0,5.3304343e-09,5.2018714e-09,1.285629e-10
501,502.0,5.2701217e-09,5.1294133e-09,1.407084e-10
502,503.0,5.102935e-09,4.9757753e-09,1.2715971e-10
503,504.0,4.910897e-09,4.7936224e-09,1.1727455e-10
504,505.0,4.8637365e-09,4.73529e-09,1.2844624e-10
505,506.0,4.6534394e-09,4.527848e-09,1.2559173e-10
506,507.0,4.488155e-09,4.3785873e-09,1.0956803e-10
507,508.0,4.6206643e-09,4.501679e-09,1.1898493e-10
508,509.0,4.4143973e-09,4.298381e-09,1.1601623e-10
509,510.0,4.226639e-09,4.120263e-09,1.06376206e-10
510,511.0,4.0915498e-09,3.98497e-09,1.0657946e-10
511,512.0,3.991221e-09,3.8935837e-09,9.7637856e-11
512,513.0,3.911645e-09,3.8187524e-09,9.2891944e-11
513,514.0,3.763822e-09,3.6710024e-09,9.2819856e-11
514,515.0,3.6517531e-09,3.5569805e-09,9.477253e-11
515,516.0,3.6131578e-09,3.5275267e-09,8.5631016e-11
516,517.0,3.5722703e-09,3.4869578e-09,8.531236e-11
517,518.0,3.4076317e-09,3.3170457e-09,9.058586e-11
518,519.0,3.4094223e-09,3.3303542e-09,7.906804e-11
519,520.0,3.2409597e-09,3.150496e-09,9.046361e-11
520,521.0,3.1975327e-09,3.1222114e-09,7.5321305e-11
521,522.0,3.042498e-09,2.9599518e-09,8.254613e-11
522,523.0,3.042917e-09,2.9652194e-09,7.769775e-11
523,524.0,2.9310732e-09,2.8599465e-09,7.112675e-11
524,525.0,2.855438e-09,2.78315e-09,7.2288e-11
525,526.0,2.7736282e-09,2.7067868e-09,6.6841456e-11
526,527.0,2.7266185e-09,2.6529499e-09,7.3668543e-11
527,528.0,2.7029572e-09,2.635779e-09,6.717828e-11
528,529.0,2.6057947e-09,2.5415998e-09,6.4194906e-11
529,530.0,2.516288e-09,2.4508895e-09,6.5398575e-11
530,531.0,2.4590145e-09,2.4017863e-09,5.7228215e-11
531,532.0,2.4004718e-09,2.3402351e-09,6.023683e-11
532,533.0,2.3465347e-09,2.2929518e-09,5.3583086e-11
533,534.0,2.2738371e-09,2.2148023e-09,5.9034805e-11
534,535.0,2.2201374e-09,2.1588848e-09,6.125266e-11
535,536.0,2.1533857e-09,2.097865e-09,5.5520727e-11
536,537.0,2.1141926e-09,2.0615003e-09,5.2692215e-11
537,538.0,2.0526911e-09,2.0032118e-09,4.9479375e-11
538,539.0,2.0038196e-09,1.9559596e-09,4.7859796e-11
539,540.0,1.9720083e-09,1.9227246e-09,4.928386e-11
540,541.0,1.9221948e-09,1.8754824e-09,4.6712387e-11
541,542.0,1.8639008e-09,1.8124072e-09,5.1493552e-11
542,543.0,1.8055965e-09,1.7567087e-09,4.8887824e-11
543,544.0,1.7864804e-09,1.7417092e-09,4.47712e-11
544,545.0,1.7386528e-09,1.6969721e-09,4.1680617e-11
545,546.0,1.679021e-09,1.6363622e-09,4.2658935e-11
546,547.0,1.6561497e-09,1.6153118e-09,4.083781e-11
547,548.0,1.6251334e-09,1.5871906e-09,3.794285e-11
548,549.0,1.5842868e-09,1.5443221e-09,3.9964684e-11
549,550.0,1.5397488e-09,1.5003087e-09,3.94401e-11
550,551.0,1.4904591e-09,1.4521596e-09,3.8299523e-11
551,552.0,1.4696699e-09,1.4312926e-09,3.837729e-11
552,553.0,1.4260896e-09,1.3910789e-09,3.5010675e-11
553,554.0,1.3955184e-09,1.3609581e-09,3.456021e-11
554,555.0,1.3487118e-09,1.3145071e-09,3.420476e-11
555,556.0,1.3355379e-09,1.3015209e-09,3.4016925e-11
556,557.0,1.3028615e-09,1.2694343e-09,3.342708e-11
557,558.0,1.3077397e-09,1.2773669e-09,3.0372725e-11
558,559.0,1.2336584e-09,1.2018905e-09,3.1767984e-11
559,560.0,1.2257818e-09,1.1935869e-09,3.219491e-11
560,561.0,1.1706937e-09,1.142045e-09,2.8648622e-11
561,562.0,1.141666e-09,1.113171e-09,2.8494995e-11
562,563.0,1.1220554e-09,1.09336e-09,2.8695551e-11
563,564.0,1.1065444e-09,1.0792836e-09,2.726083e-11
564,565.0,1.0865178e-09,1.057927e-09,2.8590828e-11
565,566.0,1.0640279e-09,1.0386412e-09,2.5386738e-11
566,567.0,1.0156562e-09,9.905018e-10,2.5154377e-11
567,568.0,9.931318e-10,9.701956e-10,2.293619e-11
568,569.0,9.692042e-10,9.451184e-10,2.4085773e-11
569,570.0,9.518702e-10,9.278946e-10,2.3975709e-11
570,571.0,9.442009e-10,9.200362e-10,2.4164682e-11
571,572.0,9.065358e-10,8.844789e-10,2.2056907e-11
572,573.0,8.8973284e-10,8.6715574e-10,2.2577112e-11
573,574.0,8.762716e-10,8.546211e-10,2.1650496e-11
574,575.0,8.5050755e-10,8.2926954e-10,2.123801e-11
575,576.0,8.358323e-10,8.175124e-10,1.8319929e-11
576,577.0,8.173068e-10,7.9712253e-10,2.0184247e-11
577,578.0,7.9615325e-10,7.764448e-10,1.9708495e-11
578,579.0,7.851725e-10,7.6649836e-10,1.8674111e-11
579,580.0,7.548614e-10,7.3584105e-10,1.9020348e-11
580,581.0,7.487702e-10,7.3033823e-10,1.8431959e-11
581,582.0,7.3621553e-10,7.183663e-10,1.784926e-11
582,583.0,7.110108e-10,6.930181e-10,1.7992706e-11
583,584.0,6.9409384e-10,6.777849e-10,1.6308949e-11
584,585.0,6.870298e-10,6.7076006e-10,1.6269774e-11
585,586.0,6.672639e-10,6.493366e-10,1.7927354e-11
586,587.0,6.510593e-10,6.3562416e-10,1.5435188e-11
587,588.0,6.4199523e-10,6.2633426e-10,1.5660973e-11
588,589.0,6.3945427e-10,6.2453237e-10,1.4921873e-11
589,590.0,6.213536e-10,6.075464e-10,1.3807196e-11
590,591.0,5.9913163e-10,5.856953e-10,1.3436341e-11
591,592.0,5.9107236e-10,5.7679783e-10,1.4274545e-11
592,593.0,5.8374944e-10,5.691014e-10,1.4648064e-11
593,594.0,5.6260113e-10,5.494712e-10,1.312993e-11
594,595.0,5.493417e-10,5.357185e-10,1.3623179e-11
595,596.0,5.448903e-10,5.3239685e-10,1.249347e-11
596,597.0,5.391314e-10,5.2554183e-10,1.3589546e-11
597,598.0,5.181731e-10,5.055912e-10,1.25819155e-11
598,599.0,5.072123e-10,4.943749e-10,1.2837446e-11
599,600.0,4.943454e-10,4.8270943e-10,1.1635948e-11
600,601.0,4.826762e-10,4.7039855e-10,1.2277589e-11
601,602.0,4.788673e-10,4.677438e-10,1.1123452e-11
602,603.0,4.6309706e-10,4.5192142e-10,1.1175633e-11
603,604.0,4.5980963e-10,4.494372e-10,1.0372416e-11
604,605.0,4.4828516e-10,4.3767015e-10,1.0614998e-11
605,606.0,4.459899e-10,4.3537315e-10,1.0616758e-11
606,607.0,4.3124646e-10,4.2111015e-10,1.01363145e-11
607,608.0,4.2309442e-10,4.1293752e-10,1.0156901e-11
608,609.0,4.19408e-10,4.0993875e-10,9.469247e-12
609,610.0,4.0808226e-10,3.984204e-10,9.661858e-12
610,611.0,4.0296708e-10,3.936959e-10,9.2711715e-12
611,612.0,3.893777e-10,3.804288e-10,8.948883e-12
612,613.0,3.863809e-10,3.766516e-10,9.729312e-12
613,614.0,3.7653727e-10,3.6765477e-10,8.882511e-12
614,615.0,3.6798356e-10,3.5938413e-10,8.599438e-12
615,616.0,3.7464623e-10,3.666533e-10,7.992946e-12
616,617.0,3.6641176e-10,3.5799066e-10,8.421097e-12
617,618.0,3.5144432e-10,3.4323674e-10,8.207556e-12
618,619.0,3.5112635e-10,3.433009e-10,7.825471e-12
619,620.0,3.365438e-10,3.2885863e-10,7.685143e-12
620,621.0,3.335265e-10,3.262559e-10,7.2706073e-12
621,622.0,3.225631e-10,3.1444136e-10,8.121744e-12
622,623.0,3.1541542e-10,3.0793557e-10,7.479843e-12
623,624.0,3.1147948e-10,3.0449893e-10,6.98054e-12
624,625.0,3.1356903e-10,3.0575495e-10,7.814077e-12
625,626.0,3.12744e-10,3.061455e-10,6.5985056e-12
626,627.0,3.0181452e-10,2.9477865e-10,7.0358662e-12
627,628.0,2.908314e-10,2.841883e-10,6.6430706e-12
628,629.0,2.8656247e-10,2.79169e-10,7.393475e-12
629,630.0,2.8202604e-10,2.7524297e-10,6.7830724e-12
630,631.0,2.7760116e-10,2.7093644e-10,6.664739e-12
631,632.0,2.7619879e-10,2.696667e-10,6.532055e-12
632,633.0,2.677645e-10,2.6176006e-10,6.0044573e-12
633,634.0,2.6377794e-10,2.5744487e-10,6.3330612e-12
634,635.0,2.5830246e-10,2.5219285e-10,6.109617e-12
635,636.0,2.5471394e-10,2.490158e-10,5.6981355e-12
636,637.0,2.497293e-10,2.4416982e-10,5.55947e-12
637,638.0,2.4669178e-10,2.4077812e-10,5.9136402e-12
638,639.0,2.4038696e-10,2.3496768e-10,5.419277e-12
639,640.0,2.369116e-10,2.3135285e-10,5.558745e-12
640,641.0,2.3366745e-10,2.2815279e-10,5.5146608e-12
641,642.0,2.2759937e-10,2.2254107e-10,5.0583053e-12
642,643.0,2.2757839e-10,2.2246006e-10,5.1183164e-12
643,644.0,2.2302457e-10,2.1809084e-10,4.9337344e-12
644,645.0,2.1857031e-10,2.1336466e-10,5.205666e-12
645,646.0,2.1738904e-10,2.122529e-10,5.1361363e-12
646,647.0,2.1238769e-10,2.074059e-10,4.981785e-12
647,648.0,2.0938415e-10,2.0436254e-10,5.0216055e-12
648,649.0,2.0867831e-10,2.0394282e-10,4.7354915e-12
649,650.0,2.0477768e-10,2.0004255e-10,4.735124e-12
650,651.0,2.0145234e-10,1.9667455e-10,4.777785e-12
651,652.0,1.9506502e-10,1.9067686e-10,4.3881543e-12
652,653.0,1.9489875e-10,1.9056964e-10,4.3291004e-12
653,654.0,1.9353838e-10,1.8901378e-10,4.5246077e-12
654,655.0,1.8973925e-10,1.856652e-10,4.074041e-12
655,656.0,1.857972e-10,1.8145421e-10,4.3429804e-12
656,657.0,1.8183395e-10,1.7765465e-10,4.179297e-12
657,658.0,1.7907775e-10,1.7481944e-10,4.258316e-12
658,659.0,1.7700932e-10,1.7316161e-10,3.8477186e-12
659,660.0,1.7747114e-10,1.7363193e-10,3.839203e-12
660,661.0,1.7355843e-10,1.6945204e-10,4.106392e-12
661,662.0,1.6923894e-10,1.6538274e-10,3.8562135e-12
662,663.0,1.6863827e-10,1.648104e-10,3.827875e-12
663,664.0,1.6552404e-10,1.6173787e-10,3.7861645e-12
664,665.0,1.6141528e-10,1.5784712e-10,3.5681516e-12
665,666.0,1.6198379e-10,1.5817385e-10,3.809931e-12
666,667.0,1.5923017e-10,1.557268e-10,3.5033647e-12
667,668.0,1.560407e-10,1.5234412e-10,3.6965626e-12
668,669.0,1.5571147e-10,1.5239154e-10,3.3199305e-12
669,670.0,1.523402e-10,1.4868533e-10,3.654873e-12
670,671.0,1.4942268e-10,1.4579658e-10,3.6260986e-12
671,672.0,1.4902944e-10,1.4572725e-10,3.3021862e-12
672,673.0,1.457217e-10,1.4236687e-10,3.3548255e-12
673,674.0,1.426641e-10,1.3923454e-10,3.4295592e-12
674,675.0,1.4190696e-10,1.3860367e-10,3.3032975e-12
675,676.0,1.4146326e-10,1.382595e-10,3.2037623e-12
676,677.0,1.3966187e-10,1.3657651e-10,3.0853575e-12
677,678.0,1.3617187e-10,1.3310478e-10,3.0670952e-12
678,679.0,1.3611891e-10,1.3301434e-10,3.1045771e-12
679,680.0,1.3637606e-10,1.3345161e-10,2.9244487e-12
680,681.0,1.3093716e-10,1.2785949e-10,3.077674e-12
681,682.0,1.2963415e-10,1.26694e-10,2.9401464e-12
682,683.0,1.2784666e-10,1.2486336e-10,2.9832987e-12
683,684.0,1.265681e-10,1.2353123e-10,3.0368672e-12
684,685.0,1.2544991e-10,1.2265132e-10,2.7985936e-12
685,686.0,1.2442697e-10,1.2185375e-10,2.5732283e-12
686,687.0,1.227229e-10,1.1981692e-10,2.905981e-12
687,688.0,1.2071279e-10,1.1789511e-10,2.817686e-12
688,689.0,1.2091649e-10,1.1822088e-10,2.6956107e-12
689,690.0,1.196809e-10,1.1700656e-10,2.6743427e-12
690,691.0,1.165925e-10,1.13902276e-10,2.6902178e-12
691,692.0,1.1593158e-10,1.1349821e-10,2.433372e-12
692,693.0,1.1450314e-10,1.118191e-10,2.6840435e-12
693,694.0,1.1252669e-10,1.09880556e-10,2.6461298e-12
694,695.0,1.1181057e-10,1.093294e-10,2.4811709e-12
695,696.0,1.1038883e-10,1.0785082e-10,2.5380126e-12
696,697.0,1.0902138e-10,1.0652281e-10,2.4985712e-12
697,698.0,1.0828067e-10,1.05945516e-10,2.3351549e-12
698,699.0,1.06834534e-10,1.04427175e-10,2.4073601e-12
699,700.0,1.0524495e-10,1.0279643e-10,2.4485177e-12
700,701.0,1.04246056e-10,1.01931734e-10,2.3143217e-12
701,702.0,1.0353637e-10,1.011392e-10,2.3971688e-12
702,703.0,1.0244225e-10,1.0018752e-10,2.2547329e-12
703,704.0,1.0185108e-10,9.954003e-11,2.3110522e-12
704,705.0,1.00484954e-10,9.824031e-11,2.2446415e-12
705,706.0,9.904614e-11,9.670823e-11,2.3379076e-12
706,707.0,9.8948405e-11,9.6716e-11,2.2323957e-12
707,708.0,9.7893776e-11,9.571503e-11,2.178744e-12
708,709.0,9.702492e-11,9.477626e-11,2.248653e-12
709,710.0,9.5747285e-11,9.3639055e-11,2.108226e-12
710,711.0,9.439508e-11,9.2276735e-11,2.1183456e-12
711,712.0,9.363238e-11,9.1487186e-11,2.1452003e-12
712,713.0,9.425212e-11,9.212059e-11,2.1315291e-12
713,714.0,9.2297385e-11,9.021702e-11,2.080362e-12
714,715.0,9.066074e-11,8.866846e-11,1.9922807e-12
715,716.0,8.9894814e-11,8.788321e-11,2.0116049e-12
716,717.0,8.9071e-11,8.701298e-11,2.0580178e-12
717,718.0,8.798344e-11,8.6002074e-11,1.9813697e-12
718,719.0,8.82073e-11,8.6315566e-11,1.8917355e-12
719,720.0,8.6183984e-11,8.422318e-11,1.960805e-12
720,721.0,8.543147e-11,8.341004e-11,2.0214236e-12
721,722.0,8.552264e-11,8.366799e-11,1.8546447e-12
722,723.0,8.574948e-11,8.392014e-11,1.8293368e-12
723,724.0,8.339291e-11,8.154834e-11,1.8445774e-12
724,725.0,8.298082e-11,8.108948e-11,1.8913308e-12
725,726.0,8.122086e-11,7.931698e-11,1.9038872e-12
726,727.0,8.151372e-11,7.9616314e-11,1.8974006e-12
727,728.0,8.006044e-11,7.815021e-11,1.9102252e-12
728,729.0,7.92452e-11,7.744806e-11,1.7971389e-12
729,730.0,7.886922e-11,7.706402e-11,1.8051981e-12
730,731.0,7.842916e-11,7.6616005e-11,1.8131512e-12
731,732.0,7.725675e-11,7.5528354e-11,1.7283979e-12
732,733.0,7.716856e-11,7.548254e-11,1.6860289e-12
733,734.0,7.618566e-11,7.446552e-11,1.7201492e-12
734,735.0,7.54006e-11,7.367045e-11,1.7301551e-12
735,736.0,7.442298e-11,7.275608e-11,1.6668985e-12
736,737.0,7.39096e-11,7.2234864e-11,1.6747342e-12
737,738.0,7.390989e-11,7.2203826e-11,1.7060667e-12
738,739.0,7.351722e-11,7.18639e-11,1.6533213e-12
739,740.0,7.230994e-11,7.070703e-11,1.6029102e-12
740,741.0,7.29651e-11,7.138405e-11,1.5810532e-12
741,742.0,7.0859076e-11,6.925612e-11,1.6029512e-12
742,743.0,7.142395e-11,6.9850896e-11,1.5730542e-12
743,744.0,7.020103e-11,6.855956e-11,1.6414681e-12
744,745.0,6.97355e-11,6.817719e-11,1.5583102e-12
745,746.0,6.8427736e-11,6.691182e-11,1.5159174e-12
746,747.0,6.896323e-11,6.74599e-11,1.5033316e-12
747,748.0,6.7877266e-11,6.635307e-11,1.5241955e-12
748,749.0,6.7437445e-11,6.59258e-11,1.5116474e-12
749,750.0,6.755821e-11,6.612502e-11,1.4331866e-12
750,751.0,6.636373e-11,6.4851895e-11,1.5118329e-12
751,752.0,6.6072814e-11,6.461485e-11,1.4579618e-12
752,753.0,6.5740254e-11,6.432869e-11,1.4115669e-12
753,754.0,6.476646e-11,6.332174e-11,1.4447285e-12
754,755.0,6.4111744e-11,6.2645826e-11,1.4659113e-12
755,756.0,6.405197e-11,6.2653945e-11,1.3980269e-12
756,757.0,6.3723075e-11,6.2320496e-11,1.4025788e-12
757,758.0,6.3401104e-11,6.202862e-11,1.3724846e-12
758,759.0,6.218579e-11,6.0799234e-11,1.3865563e-12
759,760.0,6.185838e-11,6.046142e-11,1.3969596e-12
760,761.0,6.195671e-11,6.061798e-11,1.3387325e-12
761,762.0,6.131008e-11,5.989511e-11,1.4149682e-12
762,763.0,6.074679e-11,5.941225e-11,1.334531e-12
763,764.0,6.093701e-11,5.961201e-11,1.3250033e-12
764,765.0,5.957655e-11,5.82656e-11,1.3109491e-12
765,766.0,5.9377926e-11,5.8151383e-11,1.2265477e-12
766,767.0,5.9035866e-11,5.7715336e-11,1.3205292e-12
767,768.0,5.829006e-11,5.6989222e-11,1.3008406e-12
768,769.0,5.832318e-11,5.700657e-11,1.3166077e-12
769,770.0,5.7609993e-11,5.6301342e-11,1.3086493e-12
770,771.0,5.742847e-11,5.612318e-11,1.3052899e-12
771,772.0,5.7574195e-11,5.6344884e-11,1.2293118e-12
772,773.0,5.6443846e-11,5.5231947e-11,1.2118976e-12
773,774.0,5.575742e-11,5.449051e-11,1.266911e-12
774,775.0,5.593947e-11,5.472131e-11,1.2181564e-12
775,776.0,5.5169567e-11,5.3964964e-11,1.2046037e-12
776,777.0,5.5481227e-11,5.430319e-11,1.1780365e-12
777,778.0,5.4930567e-11,5.3733188e-11,1.1973797e-12
778,779.0,5.4344675e-11,5.3109246e-11,1.2354298e-12
779,780.0,5.4034943e-11,5.2837394e-11,1.1975492e-12
780,781.0,5.4219754e-11,5.3002817e-11,1.216938e-12
781,782.0,5.3825396e-11,5.2663346e-11,1.1620495e-12
782,783.0,5.305688e-11,5.1875143e-11,1.1817332e-12
783,784.0,5.2981286e-11,5.1785812e-11,1.1954751e-12
784,785.0,5.2557132e-11,5.1380383e-11,1.1767511e-12
785,786.0,5.2044688e-11,5.0948586e-11,1.0961011e-12
786,787.0,5.1650087e-11,5.0532557e-11,1.1175303e-12
787,788.0,5.1691082e-11,5.0541907e-11,1.1491731e-12
788,789.0,5.1134305e-11,5.0029432e-11,1.1048734e-12
789,790.0,5.063809e-11,4.948839e-11,1.1496999e-12
790,791.0,5.076954e-11,4.9573408e-11,1.1961311e-12
791,792.0,5.0393634e-11,4.9288646e-11,1.104985e-12
792,793.0,5.0059814e-11,4.8965887e-11,1.0939262e-12
793,794.0,4.928856e-11,4.8220285e-11,1.0682746e-12
794,795.0,4.906691e-11,4.7986604e-11,1.0803083e-12
795,796.0,4.86405e-11,4.7570555e-11,1.0699445e-12
796,797.0,4.9084157e-11,4.7961177e-11,1.1229813e-12
797,798.0,4.8297193e-11,4.722394e-11,1.0732517e-12
798,799.0,4.7949682e-11,4.693618e-11,1.0135032e-12
799,800.0,4.8043212e-11,4.6996105e-11,1.0471066e-12
800,801.0,4.759756e-11,4.6551926e-11,1.0456371e-12
801,802.0,4.7343e-11,4.631636e-11,1.0266407e-12
802,803.0,4.6648033e-11,4.5615674e-11,1.0323591e-12
803,804.0,4.6570206e-11,4.5537973e-11,1.0322329e-12
804,805.0,4.6587224e-11,4.5555573e-11,1.0316506e-12
805,806.0,4.5899375e-11,4.4905107e-11,9.942657e-13
806,807.0,4.586195e-11,4.4863092e-11,9.988566e-13
807,808.0,4.574652e-11,4.475993e-11,9.865906e-13
808,809.0,4.5381372e-11,4.437361e-11,1.007764e-12
809,810.0,4.516503e-11,4.419184e-11,9.731916e-13
810,811.0,4.4919433e-11,4.3943457e-11,9.759766e-13
811,812.0,4.480121e-11,4.3819916e-11,9.812937e-13
812,813.0,4.42742e-11,4.330986e-11,9.643425e-13
813,814.0,4.414012e-11,4.316412e-11,9.759966e-13
814,815.0,4.4161667e-11,4.3200506e-11,9.611611e-13
815,816.0,4.368316e-11,4.2720865e-11,9.62297e-13
816,817.0,4.3599343e-11,4.2662606e-11,9.367374e-13
817,818.0,4.3268913e-11,4.232666e-11,9.422535e-13
818,819.0,4.2944637e-11,4.2014996e-11,9.296392e-13
819,820.0,4.2636963e-11,4.1675947e-11,9.61019e-13
820,821.0,4.2909155e-11,4.200222e-11,9.069365e-13
821,822.0,4.2493255e-11,4.154094e-11,9.52314e-13
822,823.0,4.200631e-11,4.1075785e-11,9.305244e-13
823,824.0,4.199864e-11,4.1078203e-11,9.204392e-13
824,825.0,4.2238303e-11,4.1301945e-11,9.363571e-13
825,826.0,4.1690797e-11,4.0781736e-11,9.0906026e-13
826,827.0,4.121681e-11,4.035929e-11,8.5752217e-13
827,828.0,4.127335e-11,4.03779e-11,8.9545304e-13
828,829.0,4.0864662e-11,3.997237e-11,8.92292e-13
829,830.0,4.0840796e-11,3.996287e-11,8.779247e-13
830,831.0,4.0371154e-11,3.9494918e-11,8.762381e-13
831,832.0,4.026448e-11,3.938908e-11,8.7539855e-13
832,833.0,4.007787e-11,3.9220727e-11,8.5714427e-13
833,834.0,3.9824855e-11,3.89597e-11,8.651549e-13
834,835.0,3.9433574e-11,3.857281e-11,8.6076366e-13
835,836.0,3.9884446e-11,3.9008543e-11,8.759063e-13
836,837.0,3.9208387e-11,3.8353494e-11,8.548946e-13
837,838.0,3.9152872e-11,3.8312454e-11,8.4041747e-13
838,839.0,3.8916502e-11,3.806902e-11,8.474826e-13
839,840.0,3.8534554e-11,3.76837e-11,8.508541e-13
840,841.0,3.871167e-11,3.7883002e-11,8.28666e-13
841,842.0,3.8136178e-11,3.7302404e-11,8.337726e-13
842,843.0,3.818985e-11,3.7357756e-11,8.3209557e-13
843,844.0,3.8130818e-11,3.730529e-11,8.255262e-13
844,845.0,3.8261675e-11,3.7450862e-11,8.1081355e-13
845,846.0,3.7673902e-11,3.6848104e-11,8.257965e-13
846,847.0,3.748079e-11,3.6680246e-11,8.005434e-13
847,848.0,3.7447632e-11,3.6634626e-11,8.1300613e-13
848,849.0,3.7418475e-11,3.661934e-11,7.9913555e-13
849,850.0,3.6875603e-11,3.608942e-11,7.861821e-13
850,851.0,3.6694484e-11,3.5904835e-11,7.896497e-13
851,852.0,3.660394e-11,3.581253e-11,7.914089e-13
852,853.0,3.6402645e-11,3.563146e-11,7.711855e-13
853,854.0,3.622202e-11,3.542264e-11,7.9937787e-13
854,855.0,3.6206583e-11,3.5419147e-11,7.874367e-13
855,856.0,3.5947346e-11,3.5152794e-11,7.945499e-13
856,857.0,3.582706e-11,3.5057075e-11,7.699821e-13
857,858.0,3.5694968e-11,3.490732e-11,7.8764653e-13
858,859.0,3.5578675e-11,3.4811785e-11,7.6689214e-13
859,860.0,3.51782e-11,3.442777e-11,7.5043156e-13
860,861.0,3.5012486e-11,3.425276e-11,7.5972713e-13
861,862.0,3.4977358e-11,3.4218593e-11,7.5876366e-13
862,863.0,3.4905686e-11,3.415168e-11,7.5400455e-13
863,864.0,3.4634528e-11,3.3883403e-11,7.5112334e-13
864,865.0,3.4516053e-11,3.3775746e-11,7.40305e-13
865,866.0,3.4417143e-11,3.3684076e-11,7.33065e-13
866,867.0,3.4510634e-11,3.375776e-11,7.528748e-13
867,868.0,3.4113313e-11,3.338127e-11,7.320431e-13
868,869.0,3.3945045e-11,3.3222165e-11,7.228818e-13
869,870.0,3.3903012e-11,3.315959e-11,7.4342306e-13
870,871.0,3.4019072e-11,3.3311114e-11,7.079553e-13
871,872.0,3.3682855e-11,3.2954046e-11,7.288118e-13
872,873.0,3.33961e-11,3.2677708e-11,7.183912e-13
873,874.0,3.3054136e-11,3.2323307e-11,7.308296e-13
874,875.0,3.3026738e-11,3.2307365e-11,7.1937356e-13
875,876.0,3.286748e-11,3.214667e-11,7.208078e-13
876,877.0,3.2916864e-11,3.220701e-11,7.0985237e-13
877,878.0,3.270563e-11,3.2003636e-11,7.0199185e-13
878,879.0,3.2586073e-11,3.1880627e-11,7.0544715e-13
879,880.0,3.2296443e-11,3.1599747e-11,6.966947e-13
880,881.0,3.2213194e-11,3.1513684e-11,6.9951065e-13
881,882.0,3.226206e-11,3.157205e-11,6.900091e-13
882,883.0,3.1967304e-11,3.1279136e-11,6.8816724e-13
883,884.0,3.1835964e-11,3.115906e-11,6.7690124e-13
884,885.0,3.192889e-11,3.124094e-11,6.879482e-13
885,886.0,3.171869e-11,3.1056435e-11,6.6225443e-13
886,887.0,3.1457587e-11,3.077521e-11,6.823795e-13
887,888.0,3.1398103e-11,3.0722147e-11,6.759541e-13
888,889.0,3.1210135e-11,3.053356e-11,6.7657896e-13
889,890.0,3.1174112e-11,3.050759e-11,6.6652266e-13
890,891.0,3.121262e-11,3.054348e-11,6.6914074e-13
891,892.0,3.1003002e-11,3.0346205e-11,6.5679737e-13
892,893.0,3.1071302e-11,3.042077e-11,6.5053166e-13
893,894.0,3.060024e-11,2.9929285e-11,6.7095776e-13
894,895.0,3.0528934e-11,2.989243e-11,6.3650333e-13
895,896.0,3.05788e-11,2.9924868e-11,6.53932e-13
896,897.0,3.0402014e-11,2.9755382e-11,6.466325e-13
897,898.0,3.009776e-11,2.9442178e-11,6.5558583e-13
898,899.0,3.0201446e-11,2.9545186e-11,6.562609e-13
899,900.0,3.012261e-11,2.949414e-11,6.2846944e-13
900,901.0,2.990115e-11,2.9279464e-11,6.21684e-13
901,902.0,2.9792554e-11,2.9162787e-11,6.2976767e-13
902,903.0,2.9622364e-11,2.8983656e-11,6.387071e-13
903,904.0,2.9473445e-11,2.8837393e-11,6.360528e-13
904,905.0,2.937452e-11,2.8741644e-11,6.3287434e-13
905,906.0,2.9364348e-11,2.8723773e-11,6.405759e-13
906,907.0,2.923983e-11,2.8608355e-11,6.3147355e-13
907,908.0,2.913192e-11,2.8510068e-11,6.2185104e-13
908,909.0,2.8968841e-11,2.8350553e-11,6.1828987e-13
909,910.0,2.8917613e-11,2.830117e-11,6.1644163e-13
910,911.0,2.8788737e-11,2.8154899e-11,6.3383906e-13
911,912.0,2.8784232e-11,2.8169895e-11,6.1433573e-13
912,913.0,2.8704483e-11,2.8092823e-11,6.116612e-13
913,914.0,2.8667943e-11,2.805485e-11,6.1309253e-13
914,915.0,2.8500475e-11,2.7899247e-11,6.012277e-13
915,916.0,2.835253e-11,2.7752873e-11,5.996576e-13
916,917.0,2.8182897e-11,2.758257e-11,6.00327e-13
917,918.0,2.7979676e-11,2.7380634e-11,5.9904214e-13
918,919.0,2.7903093e-11,2.7294542e-11,6.08551e-13
919,920.0,2.7879475e-11,2.7285002e-11,5.944722e-13
920,921.0,2.7957895e-11,2.736284e-11,5.9505536e-13
921,922.0,2.773161e-11,2.7141291e-11,5.903194e-13
922,923.0,2.7754684e-11,2.7175739e-11,5.789455e-13
923,924.0,2.75584e-11,2.6964743e-11,5.93657e-13
924,925.0,2.7620434e-11,2.7043633e-11,5.768004e-13
925,926.0,2.7476098e-11,2.6903847e-11,5.7225096e-13
926,927.0,2.7216012e-11,2.6630137e-11,5.85876e-13
927,928.0,2.7130881e-11,2.6537198e-11,5.9368206e-13
928,929.0,2.7157531e-11,2.6590667e-11,5.6686546e-13
929,930.0,2.6902432e-11,2.6320873e-11,5.8155846e-13
930,931.0,2.6883577e-11,2.6296574e-11,5.87002e-13
931,932.0,2.6921682e-11,2.6351109e-11,5.705726e-13
932,933.0,2.6927252e-11,2.6371856e-11,5.553968e-13
933,934.0,2.6561956e-11,2.5987887e-11,5.7406814e-13
934,935.0,2.6552932e-11,2.5985424e-11,5.67507e-13
935,936.0,2.645395e-11,2.5879385e-11,5.7456454e-13
936,937.0,2.6330414e-11,2.5775463e-11,5.549516e-13
937,938.0,2.6327898e-11,2.577102e-11,5.568769e-13
938,939.0,2.6194593e-11,2.5636838e-11,5.5775485e-13
939,940.0,2.6152127e-11,2.5608649e-11,5.4347813e-13
940,941.0,2.5930712e-11,2.5377093e-11,5.536198e-13
941,942.0,2.5910833e-11,2.5360937e-11,5.498959e-13
942,943.0,2.5910277e-11,2.5346903e-11,5.633739e-13
943,944.0,2.5826844e-11,2.5291939e-11,5.349046e-13
944,945.0,2.5715775e-11,2.5161723e-11,5.5405225e-13
945,946.0,2.5664007e-11,2.5123978e-11,5.400289e-13
946,947.0,2.5581986e-11,2.504619e-11,5.35796e-13
947,948.0,2.5383647e-11,2.4842654e-11,5.4099206e-13
948,949.0,2.534544e-11,2.4813292e-11,5.3214784e-13
949,950.0,2.5291137e-11,2.4758917e-11,5.3222075e-13
950,951.0,2.515092e-11,2.4610569e-11,5.403507e-13
951,952.0,2.5139222e-11,2.4611669e-11,5.2755304e-13
952,953.0,2.5042227e-11,2.4515855e-11,5.2637327e-13
953,954.0,2.4958174e-11,2.4431988e-11,5.261858e-13
954,955.0,2.4884015e-11,2.4360708e-11,5.2330693e-13
955,956.0,2.48171e-11,2.4291935e-11,5.251655e-13
956,957.0,2.4755085e-11,2.4231108e-11,5.2397664e-13
957,958.0,2.4603479e-11,2.4087139e-11,5.163401e-13
958,959.0,2.4455592e-11,2.3934996e-11,5.2059626e-13
959,960.0,2.4532078e-11,2.4024971e-11,5.071059e-13
960,961.0,2.4443876e-11,2.3935137e-11,5.087383e-13
961,962.0,2.4369898e-11,2.3855255e-11,5.146442e-13
962,963.0,2.4311105e-11,2.3789803e-11,5.213018e-13
963,964.0,2.4125167e-11,2.3611512e-11,5.136561e-13
964,965.0,2.4113834e-11,2.3600158e-11,5.136757e-13
965,966.0,2.4025932e-11,2.3523782e-11,5.0215e-13
966,967.0,2.4039394e-11,2.3530781e-11,5.0861214e-13
967,968.0,2.3891101e-11,2.3386829e-11,5.042721e-13
968,969.0,2.3789276e-11,2.3276926e-11,5.1235096e-13
969,970.0,2.3732127e-11,2.3214495e-11,5.1763276e-13
970,971.0,2.3707368e-11,2.3204974e-11,5.0239267e-13
971,972.0,2.3629208e-11,2.31463e-11,4.8290777e-13
972,973.0,2.3586733e-11,2.3086961e-11,4.99772e-13
973,974.0,2.3429706e-11,2.2937261e-11,4.924437e-13
974,975.0,2.3424719e-11,2.2927705e-11,4.9701264e-13
975,976.0,2.338816e-11,2.2893985e-11,4.9417317e-13
976,977.0,2.3251527e-11,2.2761843e-11,4.8968376e-13
977,978.0,2.3219418e-11,2.2731704e-11,4.8771485e-13
978,979.0,2.3157216e-11,2.2669264e-11,4.879529e-13
979,980.0,2.3065551e-11,2.2573133e-11,4.9241817e-13
980,981.0,2.3007174e-11,2.2521672e-11,4.855012e-13
981,982.0,2.2923243e-11,2.2438454e-11,4.847899e-13
982,983.0,2.2831041e-11,2.2350333e-11,4.807075e-13
983,984.0,2.2789612e-11,2.2303387e-11,4.862254e-13
984,985.0,2.2694822e-11,2.221243e-11,4.8239147e-13
985,986.0,2.2657539e-11,2.2175001e-11,4.8253686e-13
986,987.0,2.2511413e-11,2.2035783e-11,4.7563125e-13
987,988.0,2.258208e-11,2.2103564e-11,4.785171e-13
988,989.0,2.2464195e-11,2.1986813e-11,4.773832e-13
989,990.0,2.2465826e-11,2.1990094e-11,4.757329e-13
990,991.0,2.2323497e-11,2.1853968e-11,4.6952936e-13
991,992.0,2.228012e-11,2.1807823e-11,4.722973e-13
992,993.0,2.2175114e-11,2.1710488e-11,4.64627e-13
993,994.0,2.2186161e-11,2.1717161e-11,4.6899984e-13
994,995.0,2.2043572e-11,2.1578201e-11,4.6536977e-13
995,996.0,2.2027793e-11,2.156936e-11,4.584351e-13
996,997.0,2.1970075e-11,2.1504739e-11,4.6533697e-13
997,998.0,2.1909205e-11,2.1447002e-11,4.622022e-13
998,999.0,2.1895286e-11,2.1442235e-11,4.5305074e-13
999,1000.0,2.1879748e-11,2.1422588e-11,4.571607e-13
